Outer fold,λ*,Eλ,h*,Eh,baseline
1,40.0,0.00518,10,0.00642,0.15591
2,40.0,0.00458,13,0.00401,0.12247
3,40.0,0.00412,8,0.00477,0.13399
4,40.0,0.0058,13,0.00562,0.14196
5,40.0,0.00463,10,0.00359,0.13217
6,50.0,0.00576,11,0.00812,0.12182
7,40.0,0.00517,13,0.00629,0.11638
8,1.0,0.00448,11,0.00982,0.13253
9,50.0,0.00561,10,0.00666,0.12883
10,50.0,0.00529,14,0.00378,0.12955
